item_name,datetime,usda grocery prediction,continued average,simple regression
"Flour, white, all purpose, per lb. (453.6 gm)",2023-03-01,0.546,0.546,0.546
"Flour, white, all purpose, per lb. (453.6 gm)",2023-04-01,0.5623800000000001,0.5554790675736361,0.5344583616714041
"Flour, white, all purpose, per lb. (453.6 gm)",2023-05-01,0.5792514,0.5651227005723006,0.5344583616714041
"Flour, white, all purpose, per lb. (453.6 gm)",2023-06-01,0.596628942,0.5749337560047558,0.5344583616714041
"Flour, white, all purpose, per lb. (453.6 gm)",2023-07-01,0.6145278102600001,0.5849151404800919,0.5344583616714041
"Flour, white, all purpose, per lb. (453.6 gm)",2023-08-01,0.6329636445678001,0.5950698110688347,0.5344583616714041
"Flour, white, all purpose, per lb. (453.6 gm)",2023-09-01,0.6519525539048341,0.6054007761790038,0.5344583616714041
"Flour, white, all purpose, per lb. (453.6 gm)",2023-10-01,0.6715111305219792,0.6159110964473784,0.5344583616714041
"Flour, white, all purpose, per lb. (453.6 gm)",2023-11-01,0.6916564644376386,0.6266038856462373,0.5344583616714041
"Flour, white, all purpose, per lb. (453.6 gm)",2023-12-01,0.7124061583707678,0.6374823116058409,0.5344583616714041
"Flour, white, all purpose, per lb. (453.6 gm)",2024-01-01,0.7337783431218908,0.6485495971529278,0.5344583616714041
"Flour, white, all purpose, per lb. (453.6 gm)",2024-02-01,0.7557916934155475,0.6598090210655049,0.5344583616714041
"Flour, white, all purpose, per lb. (453.6 gm)",2024-03-01,0.778465444218014,0.6712639190442129,0.5344583616714041
"Rice, white, long grain, uncooked, per lb. (453.6 gm)",2023-03-01,0.982,0.982,0.982
"Rice, white, long grain, uncooked, per lb. (453.6 gm)",2023-04-01,1.01146,0.9898758236811371,0.9537791215802434
"Rice, white, long grain, uncooked, per lb. (453.6 gm)",2023-05-01,1.0418037999999998,0.9978148129413541,0.9537791215802434
"Rice, white, long grain, uncooked, per lb. (453.6 gm)",2023-06-01,1.073057914,1.0058174743804102,0.9537791215802434
"Rice, white, long grain, uncooked, per lb. (453.6 gm)",2023-07-01,1.10524965142,1.0138843186610893,0.9537791215802434
"Rice, white, long grain, uncooked, per lb. (453.6 gm)",2023-08-01,1.1384071409626,1.0220158605417866,0.9537791215802434
"Rice, white, long grain, uncooked, per lb. (453.6 gm)",2023-09-01,1.1725593551914781,1.0302126189093557,0.9537791215802434
"Rice, white, long grain, uncooked, per lb. (453.6 gm)",2023-10-01,1.2077361358472225,1.0384751168122197,0.9537791215802434
"Rice, white, long grain, uncooked, per lb. (453.6 gm)",2023-11-01,1.2439682199226392,1.0468038814937488,0.9537791215802434
"Rice, white, long grain, uncooked, per lb. (453.6 gm)",2023-12-01,1.2812872665203185,1.0551994444259023,0.9537791215802434
"Rice, white, long grain, uncooked, per lb. (453.6 gm)",2024-01-01,1.319725884515928,1.063662341343145,0.9537791215802434
"Rice, white, long grain, uncooked, per lb. (453.6 gm)",2024-02-01,1.359317661051406,1.072193112276632,0.9537791215802434
"Rice, white, long grain, uncooked, per lb. (453.6 gm)",2024-03-01,1.400097190882948,1.0807923015886691,0.9537791215802434
"Spaghetti and macaroni, per lb. (453.6 gm)",2023-03-01,1.465,1.465,1.465
"Spaghetti and macaroni, per lb. (453.6 gm)",2023-04-01,1.50895,1.4903145280632786,1.356959841027487
"Spaghetti and macaroni, per lb. (453.6 gm)",2023-05-01,1.5542185,1.5160664795607324,1.356959841027487
"Spaghetti and macaroni, per lb. (453.6 gm)",2023-06-01,1.6008450550000002,1.542263412968675,1.356959841027487
"Spaghetti and macaroni, per lb. (453.6 gm)",2023-07-01,1.6488704066500004,1.5689130173704247,1.356959841027487
"Spaghetti and macaroni, per lb. (453.6 gm)",2023-08-01,1.6983365188495,1.5960231147131323,1.356959841027487
"Spaghetti and macaroni, per lb. (453.6 gm)",2023-09-01,1.7492866144149852,1.623601662103608,1.356959841027487
"Spaghetti and macaroni, per lb. (453.6 gm)",2023-10-01,1.8017652128474348,1.651656754143818,1.356959841027487
"Spaghetti and macaroni, per lb. (453.6 gm)",2023-11-01,1.8558181692328581,1.6801966253067377,1.356959841027487
"Spaghetti and macaroni, per lb. (453.6 gm)",2023-12-01,1.911492714309844,1.7092296523532584,1.356959841027487
"Spaghetti and macaroni, per lb. (453.6 gm)",2024-01-01,1.9688374957391392,1.738764356790859,1.356959841027487
"Spaghetti and macaroni, per lb. (453.6 gm)",2024-02-01,2.0279026206113135,1.768809407374757,1.356959841027487
"Spaghetti and macaroni, per lb. (453.6 gm)",2024-03-01,2.0887396992296527,1.7993736226522856,1.356959841027487
"Bread, white, pan, per lb. (453.6 gm)",2023-03-01,1.936,1.936,1.936
"Bread, white, pan, per lb. (453.6 gm)",2023-04-01,1.99408,1.9687524195482686,1.8240854456156046
"Bread, white, pan, per lb. (453.6 gm)",2023-05-01,2.0539023999999997,2.002058930515063,1.8240854456156046
"Bread, white, pan, per lb. (453.6 gm)",2023-06-01,2.115519472,2.0359289067818955,1.8240854456156046
"Bread, white, pan, per lb. (453.6 gm)",2023-07-01,2.17898505616,2.0703718808135942,1.8240854456156046
"Bread, white, pan, per lb. (453.6 gm)",2023-08-01,2.2443546078448002,2.1053975463411483,1.8240854456156046
"Bread, white, pan, per lb. (453.6 gm)",2023-09-01,2.311685246080144,2.1410157610899403,1.8240854456156046
"Bread, white, pan, per lb. (453.6 gm)",2023-10-01,2.3810358034625487,2.1772365495541313,1.8240854456156046
"Bread, white, pan, per lb. (453.6 gm)",2023-11-01,2.452466877566425,2.2140701058179855,1.8240854456156046
"Bread, white, pan, per lb. (453.6 gm)",2023-12-01,2.526040883893418,2.2515267964249226,1.8240854456156046
"Bread, white, pan, per lb. (453.6 gm)",2024-01-01,2.6018221104102204,2.289617163295108,1.8240854456156046
"Bread, white, pan, per lb. (453.6 gm)",2024-02-01,2.679876773722527,2.3283519266924,1.8240854456156046
"Bread, white, pan, per lb. (453.6 gm)",2024-03-01,2.760273076934203,2.3677419882414963,1.8240854456156046
"Bread, whole wheat, pan, per lb. (453.6 gm)",2023-03-01,2.533,2.533,2.533
"Bread, whole wheat, pan, per lb. (453.6 gm)",2023-04-01,2.60899,2.5718066773468875,2.3727158859884656
"Bread, whole wheat, pan, per lb. (453.6 gm)",2023-05-01,2.6872597,2.611207890108976,2.3727158859884656
"Bread, whole wheat, pan, per lb. (453.6 gm)",2023-06-01,2.767877491,2.651212746831087,2.3727158859884656
"Bread, whole wheat, pan, per lb. (453.6 gm)",2023-07-01,2.8509138157300002,2.6918304956049632,2.3727158859884656
"Bread, whole wheat, pan, per lb. (453.6 gm)",2023-08-01,2.9364412302019,2.7330705262071957,2.3727158859884656
"Bread, whole wheat, pan, per lb. (453.6 gm)",2023-09-01,3.0245344671079573,2.7749423722698925,2.3727158859884656
"Bread, whole wheat, pan, per lb. (453.6 gm)",2023-10-01,3.1152705011211963,2.8174557134846117,2.3727158859884656
"Bread, whole wheat, pan, per lb. (453.6 gm)",2023-11-01,3.2087286161548323,2.8606203778400565,2.3727158859884656
"Bread, whole wheat, pan, per lb. (453.6 gm)",2023-12-01,3.304990474639477,2.904446343894052,2.3727158859884656
"Bread, whole wheat, pan, per lb. (453.6 gm)",2024-01-01,3.4041401888786615,2.9489437430803305,2.3727158859884656
"Bread, whole wheat, pan, per lb. (453.6 gm)",2024-02-01,3.5062643945450214,2.994122862050659,2.3727158859884656
"Bread, whole wheat, pan, per lb. (453.6 gm)",2024-03-01,3.611452326381372,3.039994145052846,2.3727158859884656
"Cookies, chocolate chip, per lb. (453.6 gm)",2023-03-01,5.234,5.234,5.234
"Cookies, chocolate chip, per lb. (453.6 gm)",2023-04-01,5.39102,5.343731656258868,4.918309215381692
"Cookies, chocolate chip, per lb. (453.6 gm)",2023-05-01,5.5527505999999995,5.455763854433157,4.918309215381692
"Cookies, chocolate chip, per lb. (453.6 gm)",2023-06-01,5.719333118,5.570144825756087,4.918309215381692
"Cookies, chocolate chip, per lb. (453.6 gm)",2023-07-01,5.890913111540001,5.68692381263648,4.918309215381692
"Cookies, chocolate chip, per lb. (453.6 gm)",2023-08-01,6.0676405048862,5.806151089858222,4.918309215381692
"Cookies, chocolate chip, per lb. (453.6 gm)",2023-09-01,6.249669720032787,5.92787798622417,4.918309215381692
"Cookies, chocolate chip, per lb. (453.6 gm)",2023-10-01,6.43715981163377,6.052156906653834,4.918309215381692
"Cookies, chocolate chip, per lb. (453.6 gm)",2023-11-01,6.630274605982784,6.179041354744333,4.918309215381692
"Cookies, chocolate chip, per lb. (453.6 gm)",2023-12-01,6.8291828441622675,6.308585955804351,4.918309215381692
"Cookies, chocolate chip, per lb. (453.6 gm)",2024-01-01,7.034058329487135,6.440846480371001,4.918309215381692
"Cookies, chocolate chip, per lb. (453.6 gm)",2024-02-01,7.24508007937175,6.575879868219722,4.918309215381692
"Cookies, chocolate chip, per lb. (453.6 gm)",2024-03-01,7.462432481752902,6.7137442528775555,4.918309215381692
"Ground chuck, 100% beef, per lb. (453.6 gm)",2023-03-01,4.753,4.753,4.753
"Ground chuck, 100% beef, per lb. (453.6 gm)",2023-04-01,4.89559,4.736967637478724,4.799174824117969
"Ground chuck, 100% beef, per lb. (453.6 gm)",2023-05-01,5.0424577,4.720989353780931,4.799174824117969
"Ground chuck, 100% beef, per lb. (453.6 gm)",2023-06-01,5.193731431,4.705064966493134,4.799174824117969
"Ground chuck, 100% beef, per lb. (453.6 gm)",2023-07-01,5.3495433739300005,4.689194293817145,4.799174824117969
"Ground chuck, 100% beef, per lb. (453.6 gm)",2023-08-01,5.5100296751479005,4.673377154568002,4.799174824117969
"Ground chuck, 100% beef, per lb. (453.6 gm)",2023-09-01,5.675330565402338,4.657613368171898,4.799174824117969
"Ground chuck, 100% beef, per lb. (453.6 gm)",2023-10-01,5.8455904823644085,4.641902754664119,4.799174824117969
"Ground chuck, 100% beef, per lb. (453.6 gm)",2023-11-01,6.020958196835341,4.626245134686991,4.799174824117969
"Ground chuck, 100% beef, per lb. (453.6 gm)",2023-12-01,6.201586942740401,4.610640329487835,4.799174824117969
"Ground chuck, 100% beef, per lb. (453.6 gm)",2024-01-01,6.387634551022613,4.5950881609169185,4.799174824117969
"Ground chuck, 100% beef, per lb. (453.6 gm)",2024-02-01,6.579263587553291,4.579588451425431,4.799174824117969
"Ground chuck, 100% beef, per lb. (453.6 gm)",2024-03-01,6.776641495179891,4.564141024063448,4.799174824117969
"Ground beef, 100% beef, per lb. (453.6 gm)",2023-03-01,4.813,4.813,4.813
"Ground beef, 100% beef, per lb. (453.6 gm)",2023-04-01,4.95739,4.804075013782654,4.760635281072328
"Ground beef, 100% beef, per lb. (453.6 gm)",2023-05-01,5.1061117,4.795166577612884,4.760635281072328
"Ground beef, 100% beef, per lb. (453.6 gm)",2023-06-01,5.259295051,4.786274660801109,4.760635281072328
"Ground beef, 100% beef, per lb. (453.6 gm)",2023-07-01,5.41707390253,4.77739923271466,4.760635281072328
"Ground beef, 100% beef, per lb. (453.6 gm)",2023-08-01,5.5795861196059,4.76854026277767,4.760635281072328
"Ground beef, 100% beef, per lb. (453.6 gm)",2023-09-01,5.746973703194078,4.759697720470969,4.760635281072328
"Ground beef, 100% beef, per lb. (453.6 gm)",2023-10-01,5.9193829142899,4.750871575331984,4.760635281072328
"Ground beef, 100% beef, per lb. (453.6 gm)",2023-11-01,6.096964401718597,4.742061796954628,4.760635281072328
"Ground beef, 100% beef, per lb. (453.6 gm)",2023-12-01,6.279873333770156,4.733268354989197,4.760635281072328
"Ground beef, 100% beef, per lb. (453.6 gm)",2024-01-01,6.46826953378326,4.724491219142266,4.760635281072328
"Ground beef, 100% beef, per lb. (453.6 gm)",2024-02-01,6.662317619796758,4.715730359176587,4.760635281072328
"Ground beef, 100% beef, per lb. (453.6 gm)",2024-03-01,6.86218714839066,4.7069857449109795,4.760635281072328
"Ground beef, lean and extra lean, per lb. (453.6 gm)",2023-03-01,6.354,6.354,6.354
"Ground beef, lean and extra lean, per lb. (453.6 gm)",2023-04-01,6.54462,6.344608463173307,6.426403078598373
"Ground beef, lean and extra lean, per lb. (453.6 gm)",2023-05-01,6.7409586,6.335230807518154,6.426403078598373
"Ground beef, lean and extra lean, per lb. (453.6 gm)",2023-06-01,6.943187358,6.3258670125174605,6.426403078598373
"Ground beef, lean and extra lean, per lb. (453.6 gm)",2023-07-01,7.151482978740001,6.316517057684469,6.426403078598373
"Ground beef, lean and extra lean, per lb. (453.6 gm)",2023-08-01,7.3660274681022,6.307180922562707,6.426403078598373
"Ground beef, lean and extra lean, per lb. (453.6 gm)",2023-09-01,7.587008292145267,6.2978585867259325,6.426403078598373
"Ground beef, lean and extra lean, per lb. (453.6 gm)",2023-10-01,7.814618540909626,6.288550029778098,6.426403078598373
"Ground beef, lean and extra lean, per lb. (453.6 gm)",2023-11-01,8.049057097136915,6.2792552313533,6.426403078598373
"Ground beef, lean and extra lean, per lb. (453.6 gm)",2023-12-01,8.290528810051022,6.269974171115739,6.426403078598373
"Ground beef, lean and extra lean, per lb. (453.6 gm)",2024-01-01,8.539244674352553,6.260706828759672,6.426403078598373
"Ground beef, lean and extra lean, per lb. (453.6 gm)",2024-02-01,8.79542201458313,6.251453184009369,6.426403078598373
"Ground beef, lean and extra lean, per lb. (453.6 gm)",2024-03-01,9.059284675020624,6.242213216619068,6.426403078598373
"Chuck roast, USDA Choice, boneless, per lb. (453.6 gm)",2023-03-01,6.727,6.727,6.727
"Chuck roast, USDA Choice, boneless, per lb. (453.6 gm)",2023-04-01,6.92881,6.7031399849709565,6.92212317287745
"Chuck roast, USDA Choice, boneless, per lb. (453.6 gm)",2023-05-01,7.1366743,6.679364599095649,6.92212317287745
"Chuck roast, USDA Choice, boneless, per lb. (453.6 gm)",2023-06-01,7.350774529000001,6.655673542202698,6.92212317287745
"Chuck roast, USDA Choice, boneless, per lb. (453.6 gm)",2023-07-01,7.5712977648700015,6.632066515185399,6.92212317287745
"Chuck roast, USDA Choice, boneless, per lb. (453.6 gm)",2023-08-01,7.798436697816101,6.608543219997955,6.92212317287745
"Chuck roast, USDA Choice, boneless, per lb. (453.6 gm)",2023-09-01,8.032389798750584,6.585103359651702,6.92212317287745
"Chuck roast, USDA Choice, boneless, per lb. (453.6 gm)",2023-10-01,8.273361492713102,6.561746638211373,6.92212317287745
"Chuck roast, USDA Choice, boneless, per lb. (453.6 gm)",2023-11-01,8.521562337494496,6.5384727607913495,6.92212317287745
"Chuck roast, USDA Choice, boneless, per lb. (453.6 gm)",2023-12-01,8.77720920761933,6.5152814335519444,6.92212317287745
"Chuck roast, USDA Choice, boneless, per lb. (453.6 gm)",2024-01-01,9.04052548384791,6.492172363695694,6.92212317287745
"Chuck roast, USDA Choice, boneless, per lb. (453.6 gm)",2024-02-01,9.311741248363349,6.469145259463655,6.92212317287745
"Chuck roast, USDA Choice, boneless, per lb. (453.6 gm)",2024-03-01,9.591093485814248,6.446199830131729,6.92212317287745
"Round roast, USDA Choice, boneless, per lb. (453.6 gm)",2023-03-01,6.221,6.221,6.221
"Round roast, USDA Choice, boneless, per lb. (453.6 gm)",2023-04-01,6.40763,6.219150242653188,6.141285352326398
"Round roast, USDA Choice, boneless, per lb. (453.6 gm)",2023-05-01,6.5998589,6.217301035314773,6.141285352326398
"Round roast, USDA Choice, boneless, per lb. (453.6 gm)",2023-06-01,6.797854667,6.215452377821217,6.141285352326398
"Round roast, USDA Choice, boneless, per lb. (453.6 gm)",2023-07-01,7.001790307010001,6.213604270009026,6.141285352326398
"Round roast, USDA Choice, boneless, per lb. (453.6 gm)",2023-08-01,7.211844016220301,6.2117567117147585,6.141285352326398
"Round roast, USDA Choice, boneless, per lb. (453.6 gm)",2023-09-01,7.42819933670691,6.209909702775022,6.141285352326398
"Round roast, USDA Choice, boneless, per lb. (453.6 gm)",2023-10-01,7.651045316808117,6.208063243026469,6.141285352326398
"Round roast, USDA Choice, boneless, per lb. (453.6 gm)",2023-11-01,7.880576676312361,6.206217332305803,6.141285352326398
"Round roast, USDA Choice, boneless, per lb. (453.6 gm)",2023-12-01,8.116993976601732,6.204371970449776,6.141285352326398
"Round roast, USDA Choice, boneless, per lb. (453.6 gm)",2024-01-01,8.360503795899785,6.2025271572951866,6.141285352326398
"Round roast, USDA Choice, boneless, per lb. (453.6 gm)",2024-02-01,8.611318909776779,6.200682892678885,6.141285352326398
"Round roast, USDA Choice, boneless, per lb. (453.6 gm)",2024-03-01,8.869658477070082,6.198839176437769,6.141285352326398
"Beef for stew, boneless, per lb. (453.6 gm)",2023-03-01,6.762,6.762,6.762
"Beef for stew, boneless, per lb. (453.6 gm)",2023-04-01,6.96486,6.731036842536202,6.904666753148063
"Beef for stew, boneless, per lb. (453.6 gm)",2023-05-01,7.173805799999999,6.700215465184816,6.904666753148063
"Beef for stew, boneless, per lb. (453.6 gm)",2023-06-01,7.389019974,6.669535218735557,6.904666753148063
"Beef for stew, boneless, per lb. (453.6 gm)",2023-07-01,7.61069057322,6.6389954569508705,6.904666753148063
"Beef for stew, boneless, per lb. (453.6 gm)",2023-08-01,7.8390112904166,6.608595536552319,6.904666753148063
"Beef for stew, boneless, per lb. (453.6 gm)",2023-09-01,8.074181629129098,6.5783348172070335,6.904666753148063
"Beef for stew, boneless, per lb. (453.6 gm)",2023-10-01,8.316407078002971,6.548212661514226,6.904666753148063
"Beef for stew, boneless, per lb. (453.6 gm)",2023-11-01,8.565899290343062,6.518228434991762,6.904666753148063
"Beef for stew, boneless, per lb. (453.6 gm)",2023-12-01,8.822876269053353,6.488381506062798,6.904666753148063
"Beef for stew, boneless, per lb. (453.6 gm)",2024-01-01,9.087562557124954,6.458671246042477,6.904666753148063
"Beef for stew, boneless, per lb. (453.6 gm)",2024-02-01,9.360189433838702,6.4290970291246845,6.904666753148063
"Beef for stew, boneless, per lb. (453.6 gm)",2024-03-01,9.640995116853864,6.3996582323688695,6.904666753148063
"Steak, round, USDA Choice, boneless, per lb. (453.6 gm)",2023-03-01,7.179,7.179,7.179
"Steak, round, USDA Choice, boneless, per lb. (453.6 gm)",2023-04-01,7.39437,7.172031249503048,7.222567261963364
"Steak, round, USDA Choice, boneless, per lb. (453.6 gm)",2023-05-01,7.6162011,7.165069263664613,7.222567261963364
"Steak, round, USDA Choice, boneless, per lb. (453.6 gm)",2023-06-01,7.844687133000001,7.15811403591815,7.222567261963364
"Steak, round, USDA Choice, boneless, per lb. (453.6 gm)",2023-07-01,8.080027746990002,7.1511655597034895,7.222567261963364
"Steak, round, USDA Choice, boneless, per lb. (453.6 gm)",2023-08-01,8.3224285793997,7.144223828466832,7.222567261963364
"Steak, round, USDA Choice, boneless, per lb. (453.6 gm)",2023-09-01,8.572101436781692,7.137288835660735,7.222567261963364
"Steak, round, USDA Choice, boneless, per lb. (453.6 gm)",2023-10-01,8.829264479885143,7.130360574744118,7.222567261963364
"Steak, round, USDA Choice, boneless, per lb. (453.6 gm)",2023-11-01,9.094142414281698,7.1234390391822435,7.222567261963364
"Steak, round, USDA Choice, boneless, per lb. (453.6 gm)",2023-12-01,9.36696668671015,7.116524222446722,7.222567261963364
"Steak, round, USDA Choice, boneless, per lb. (453.6 gm)",2024-01-01,9.647975687311455,7.1096161180154995,7.222567261963364
"Steak, round, USDA Choice, boneless, per lb. (453.6 gm)",2024-02-01,9.937414957930798,7.1027147193728535,7.222567261963364
"Steak, round, USDA Choice, boneless, per lb. (453.6 gm)",2024-03-01,10.23553740666872,7.095820020009385,7.222567261963364
"Steak, sirloin, USDA Choice, boneless, per lb. (453.6 gm)",2023-03-01,10.284,10.284,10.284
"Steak, sirloin, USDA Choice, boneless, per lb. (453.6 gm)",2023-04-01,10.59252,10.252258179102197,10.488271207064193
"Steak, sirloin, USDA Choice, boneless, per lb. (453.6 gm)",2023-05-01,10.9102956,10.220614330121343,10.488271207064193
"Steak, sirloin, USDA Choice, boneless, per lb. (453.6 gm)",2023-06-01,11.237604468,10.189068150664687,10.488271207064193
"Steak, sirloin, USDA Choice, boneless, per lb. (453.6 gm)",2023-07-01,11.574732602040003,10.157619339272825,10.488271207064193
"Steak, sirloin, USDA Choice, boneless, per lb. (453.6 gm)",2023-08-01,11.921974580101201,10.126267595416808,10.488271207064193
"Steak, sirloin, USDA Choice, boneless, per lb. (453.6 gm)",2023-09-01,12.279633817504239,10.095012619495286,10.488271207064193
"Steak, sirloin, USDA Choice, boneless, per lb. (453.6 gm)",2023-10-01,12.648022832029366,10.063854112831624,10.488271207064193
"Steak, sirloin, USDA Choice, boneless, per lb. (453.6 gm)",2023-11-01,13.027463516990247,10.03279177767107,10.488271207064193
"Steak, sirloin, USDA Choice, boneless, per lb. (453.6 gm)",2023-12-01,13.418287422499956,10.001825317177897,10.488271207064193
"Steak, sirloin, USDA Choice, boneless, per lb. (453.6 gm)",2024-01-01,13.820836045174953,9.970954435432565,10.488271207064193
"Steak, sirloin, USDA Choice, boneless, per lb. (453.6 gm)",2024-02-01,14.235461126530202,9.940178837428904,10.488271207064193
"Steak, sirloin, USDA Choice, boneless, per lb. (453.6 gm)",2024-03-01,14.66252496032611,9.90949822907128,10.488271207064193
"Bacon, sliced, per lb. (453.6 gm)",2023-03-01,6.613,6.613,6.613
"Bacon, sliced, per lb. (453.6 gm)",2023-04-01,6.81139,6.545569421386614,7.032469655359131
"Bacon, sliced, per lb. (453.6 gm)",2023-05-01,7.0157317,6.478826410130272,7.032469655359131
"Bacon, sliced, per lb. (453.6 gm)",2023-06-01,7.2262036510000005,6.412763955333542,7.032469655359131
"Bacon, sliced, per lb. (453.6 gm)",2023-07-01,7.4429897605300015,6.347375117586799,7.032469655359131
"Bacon, sliced, per lb. (453.6 gm)",2023-08-01,7.666279453345901,6.282653028239288,7.032469655359131
"Bacon, sliced, per lb. (453.6 gm)",2023-09-01,7.896267836946278,6.218590888677619,7.032469655359131
"Bacon, sliced, per lb. (453.6 gm)",2023-10-01,8.133155872054667,6.1551819696116175,7.032469655359131
"Bacon, sliced, per lb. (453.6 gm)",2023-11-01,8.377150548216308,6.092419610367463,7.032469655359131
"Bacon, sliced, per lb. (453.6 gm)",2023-12-01,8.628465064662796,6.030297218188025,7.032469655359131
"Bacon, sliced, per lb. (453.6 gm)",2024-01-01,8.887319016602682,5.968808267540345,7.032469655359131
"Bacon, sliced, per lb. (453.6 gm)",2024-02-01,9.153938587100761,5.907946299430166,7.032469655359131
"Bacon, sliced, per lb. (453.6 gm)",2024-03-01,9.428556744713784,5.847704920723468,7.032469655359131
"Chops, center cut, bone-in, per lb. (453.6 gm)",2023-03-01,4.617,4.617,4.617
"Chops, center cut, bone-in, per lb. (453.6 gm)",2023-04-01,4.75551,4.620400422867464,4.420445817518753
"Chops, center cut, bone-in, per lb. (453.6 gm)",2023-05-01,4.8981753,4.623803350148114,4.420445817518753
"Chops, center cut, bone-in, per lb. (453.6 gm)",2023-06-01,5.045120559,4.62720878368645,4.420445817518753
"Chops, center cut, bone-in, per lb. (453.6 gm)",2023-07-01,5.196474175770001,4.630616725328334,4.420445817518753
"Chops, center cut, bone-in, per lb. (453.6 gm)",2023-08-01,5.3523684010431,4.634027176920984,4.420445817518753
"Chops, center cut, bone-in, per lb. (453.6 gm)",2023-09-01,5.512939453074393,4.6374401403129815,4.420445817518753
"Chops, center cut, bone-in, per lb. (453.6 gm)",2023-10-01,5.6783276366666255,4.640855617354267,4.420445817518753
"Chops, center cut, bone-in, per lb. (453.6 gm)",2023-11-01,5.848677465766625,4.644273609896145,4.420445817518753
"Chops, center cut, bone-in, per lb. (453.6 gm)",2023-12-01,6.0241377897396235,4.647694119791284,4.420445817518753
"Chops, center cut, bone-in, per lb. (453.6 gm)",2024-01-01,6.204861923431812,4.6511171488937135,4.420445817518753
"Chops, center cut, bone-in, per lb. (453.6 gm)",2024-02-01,6.391007781134767,4.654542699058832,4.420445817518753
"Chops, center cut, bone-in, per lb. (453.6 gm)",2024-03-01,6.58273801456881,4.657970772143403,4.420445817518753
"Chops, boneless, per lb. (453.6 gm)",2023-03-01,4.321,4.321,4.321
"Chops, boneless, per lb. (453.6 gm)",2023-04-01,4.450629999999999,4.300535392837595,4.380948422178234
"Chops, boneless, per lb. (453.6 gm)",2023-05-01,4.5841489,4.280167707717846,4.380948422178234
"Chops, boneless, per lb. (453.6 gm)",2023-06-01,4.721673366999999,4.25989648561008,4.380948422178234
"Chops, boneless, per lb. (453.6 gm)",2023-07-01,4.86332356801,4.239721269657633,4.380948422178234
"Chops, boneless, per lb. (453.6 gm)",2023-08-01,5.0092232750503,4.2196416051675545,4.380948422178234
"Chops, boneless, per lb. (453.6 gm)",2023-09-01,5.159499973301809,4.199657039600349,4.380948422178234
"Chops, boneless, per lb. (453.6 gm)",2023-10-01,5.314284972500864,4.179767122559792,4.380948422178234
"Chops, boneless, per lb. (453.6 gm)",2023-11-01,5.47371352167589,4.159971405782768,4.380948422178234
"Chops, boneless, per lb. (453.6 gm)",2023-12-01,5.637924927326167,4.140269443129173,4.380948422178234
"Chops, boneless, per lb. (453.6 gm)",2024-01-01,5.807062675145952,4.120660790571861,4.380948422178234
"Chops, boneless, per lb. (453.6 gm)",2024-02-01,5.98127455540033,4.1011450061866315,4.380948422178234
"Chops, boneless, per lb. (453.6 gm)",2024-03-01,6.16071279206234,4.081721650142275,4.380948422178234
"Ham, boneless, excluding canned, per lb. (453.6 gm)",2023-03-01,5.679,5.679,5.679
"Ham, boneless, excluding canned, per lb. (453.6 gm)",2023-04-01,5.84937,5.74831639621488,5.440947725669893
"Ham, boneless, excluding canned, per lb. (453.6 gm)",2023-05-01,6.0248511,5.8184788503244995,5.440947725669893
"Ham, boneless, excluding canned, per lb. (453.6 gm)",2023-06-01,6.205596633000001,5.889497689091359,5.440947725669893
"Ham, boneless, excluding canned, per lb. (453.6 gm)",2023-07-01,6.391764531990001,5.961383365323738,5.440947725669893
"Ham, boneless, excluding canned, per lb. (453.6 gm)",2023-08-01,6.583517467949701,6.034146459414172,5.440947725669893
"Ham, boneless, excluding canned, per lb. (453.6 gm)",2023-09-01,6.781022991988192,6.107797680896718,5.440947725669893
"Ham, boneless, excluding canned, per lb. (453.6 gm)",2023-10-01,6.984453681747838,6.182347870023213,5.440947725669893
"Ham, boneless, excluding canned, per lb. (453.6 gm)",2023-11-01,7.193987292200274,6.257807999358791,5.440947725669893
"Ham, boneless, excluding canned, per lb. (453.6 gm)",2023-12-01,7.4098069109662825,6.334189175396862,5.440947725669893
"Ham, boneless, excluding canned, per lb. (453.6 gm)",2024-01-01,7.63210111829527,6.411502640193801,5.440947725669893
"Ham, boneless, excluding canned, per lb. (453.6 gm)",2024-02-01,7.861064151844129,6.4897597730236,5.440947725669893
"Ham, boneless, excluding canned, per lb. (453.6 gm)",2024-03-01,8.096896076399453,6.568972092052707,5.440947725669893
"Chicken, fresh, whole, per lb. (453.6 gm)",2023-03-01,1.868,1.868,1.868
"Chicken, fresh, whole, per lb. (453.6 gm)",2023-04-01,1.9240400000000002,1.8750657994718656,1.8472100316737612
"Chicken, fresh, whole, per lb. (453.6 gm)",2023-05-01,1.9817612,1.882158325668665,1.8472100316737612
"Chicken, fresh, whole, per lb. (453.6 gm)",2023-06-01,2.041214036,1.8892776796855157,1.8472100316737612
"Chicken, fresh, whole, per lb. (453.6 gm)",2023-07-01,2.1024504570800002,1.8964239629999318,1.8472100316737612
"Chicken, fresh, whole, per lb. (453.6 gm)",2023-08-01,2.1655239707924,1.903597277473271,1.8472100316737612
"Chicken, fresh, whole, per lb. (453.6 gm)",2023-09-01,2.2304896899161726,1.910797725352187,1.8472100316737612
"Chicken, fresh, whole, per lb. (453.6 gm)",2023-10-01,2.2974043806136577,1.9180254092700864,1.8472100316737612
"Chicken, fresh, whole, per lb. (453.6 gm)",2023-11-01,2.3663265120320673,1.92528043224859,1.8472100316737612
"Chicken, fresh, whole, per lb. (453.6 gm)",2023-12-01,2.4373163073930297,1.932562897699005,1.8472100316737612
"Chicken, fresh, whole, per lb. (453.6 gm)",2024-01-01,2.5104357966148205,1.9398729094237954,1.8472100316737612
"Chicken, fresh, whole, per lb. (453.6 gm)",2024-02-01,2.585748870513265,1.9472105716180632,1.8472100316737612
"Chicken, fresh, whole, per lb. (453.6 gm)",2024-03-01,2.663321336628663,1.9545759888710343,1.8472100316737612
"Chicken legs, bone-in, per lb. (453.6 gm)",2023-03-01,1.858,1.858,1.858
"Chicken legs, bone-in, per lb. (453.6 gm)",2023-04-01,1.9137400000000002,1.8564720020063081,1.9149975079662762
"Chicken legs, bone-in, per lb. (453.6 gm)",2023-05-01,1.9711522,1.8549452606207264,1.9149975079662762
"Chicken legs, bone-in, per lb. (453.6 gm)",2023-06-01,2.030286766,1.8534197748098344,1.9149975079662762
"Chicken legs, bone-in, per lb. (453.6 gm)",2023-07-01,2.0911953689800002,1.8518955435410624,1.9149975079662762
"Chicken legs, bone-in, per lb. (453.6 gm)",2023-08-01,2.1539312300494005,1.850372565782689,1.9149975079662762
"Chicken legs, bone-in, per lb. (453.6 gm)",2023-09-01,2.2185491669508823,1.8488508405038415,1.9149975079662762
"Chicken legs, bone-in, per lb. (453.6 gm)",2023-10-01,2.285105641959409,1.8473303666744953,1.9149975079662762
"Chicken legs, bone-in, per lb. (453.6 gm)",2023-11-01,2.3536588112181915,1.8458111432654722,1.9149975079662762
"Chicken legs, bone-in, per lb. (453.6 gm)",2023-12-01,2.4242685755547373,1.844293169248441,1.9149975079662762
"Chicken legs, bone-in, per lb. (453.6 gm)",2024-01-01,2.496996632821379,1.842776443595916,1.9149975079662762
"Chicken legs, bone-in, per lb. (453.6 gm)",2024-02-01,2.571906531806021,1.8412609652812564,1.9149975079662762
"Chicken legs, bone-in, per lb. (453.6 gm)",2024-03-01,2.6490637277602014,1.839746733278666,1.9149975079662762
"Eggs, grade A, large, per doz.",2023-03-01,3.446,3.446,3.446
"Eggs, grade A, large, per doz.",2023-04-01,3.54938,3.57041999460787,4.1004516325396825
"Eggs, grade A, large, per doz.",2023-05-01,3.6558614,3.6993322512755835,4.1004516325396825
"Eggs, grade A, large, per doz.",2023-06-01,3.765537242,3.8328989659466304,4.1004516325396825
"Eggs, grade A, large, per doz.",2023-07-01,3.8785033592600007,3.9712881907509225,4.1004516325396825
"Eggs, grade A, large, per doz.",2023-08-01,3.9948584600378005,4.114674045446084,4.1004516325396825
"Eggs, grade A, large, per doz.",2023-09-01,4.114704213838935,4.263236936492963,4.1004516325396825
"Eggs, grade A, large, per doz.",2023-10-01,4.2381453402541025,4.417163784040997,4.1004516325396825
"Eggs, grade A, large, per doz.",2023-11-01,4.365289700461727,4.576648257109035,4.1004516325396825
"Eggs, grade A, large, per doz.",2023-12-01,4.496248391475578,4.741891017257504,4.1004516325396825
"Eggs, grade A, large, per doz.",2024-01-01,4.6311358432198455,4.913099971058515,4.1004516325396825
"Eggs, grade A, large, per doz.",2024-02-01,4.770069918516441,5.090490531681564,4.1004516325396825
"Eggs, grade A, large, per doz.",2024-03-01,4.913172016071934,5.2742858899239415,4.1004516325396825
"Milk, fresh, whole, fortified, per gal. (3.8 lit)",2023-03-01,4.098,4.098,4.098
"Milk, fresh, whole, fortified, per gal. (3.8 lit)",2023-04-01,4.22094,4.106436940152776,4.170972579518551
"Milk, fresh, whole, fortified, per gal. (3.8 lit)",2023-05-01,4.3475681999999995,4.114891250232136,4.170972579518551
"Milk, fresh, whole, fortified, per gal. (3.8 lit)",2023-06-01,4.477995246,4.12336296599919,4.170972579518551
"Milk, fresh, whole, fortified, per gal. (3.8 lit)",2023-07-01,4.61233510338,4.131852123288675,4.170972579518551
"Milk, fresh, whole, fortified, per gal. (3.8 lit)",2023-08-01,4.7507051564814,4.140358758009102,4.170972579518551
"Milk, fresh, whole, fortified, per gal. (3.8 lit)",2023-09-01,4.893226311175843,4.1488829061429096,4.170972579518551
"Milk, fresh, whole, fortified, per gal. (3.8 lit)",2023-10-01,5.040023100511118,4.15742460374662,4.170972579518551
"Milk, fresh, whole, fortified, per gal. (3.8 lit)",2023-11-01,5.191223793526452,4.165983886950985,4.170972579518551
"Milk, fresh, whole, fortified, per gal. (3.8 lit)",2023-12-01,5.346960507332246,4.174560791961145,4.170972579518551
"Milk, fresh, whole, fortified, per gal. (3.8 lit)",2024-01-01,5.507369322552213,4.183155355056777,4.170972579518551
"Milk, fresh, whole, fortified, per gal. (3.8 lit)",2024-02-01,5.67259040222878,4.191767612592252,4.170972579518551
"Milk, fresh, whole, fortified, per gal. (3.8 lit)",2024-03-01,5.842768114295643,4.200397600996788,4.170972579518551
"American processed cheese, per lb. (453.6 gm)",2023-03-01,4.773,4.773,4.773
"American processed cheese, per lb. (453.6 gm)",2023-04-01,4.916189999999999,4.835764395866935,4.310833324003261
"American processed cheese, per lb. (453.6 gm)",2023-05-01,5.063675699999999,4.899354136252735,4.310833324003261
"American processed cheese, per lb. (453.6 gm)",2023-06-01,5.215585970999999,4.963780074342003,4.310833324003261
"American processed cheese, per lb. (453.6 gm)",2023-07-01,5.37205355013,5.0290532060374575,4.310833324003261
"American processed cheese, per lb. (453.6 gm)",2023-08-01,5.5332151566339,5.095184671836664,4.310833324003261
"American processed cheese, per lb. (453.6 gm)",2023-09-01,5.699211611332918,5.162185758733438,4.310833324003261
"American processed cheese, per lb. (453.6 gm)",2023-10-01,5.870187959672905,5.230067902144248,4.310833324003261
"American processed cheese, per lb. (453.6 gm)",2023-11-01,6.046293598463093,5.2988426878599695,4.310833324003261
"American processed cheese, per lb. (453.6 gm)",2023-12-01,6.227682406416985,5.368521854023275,4.310833324003261
"American processed cheese, per lb. (453.6 gm)",2024-01-01,6.414512878609495,5.439117293132056,4.310833324003261
"American processed cheese, per lb. (453.6 gm)",2024-02-01,6.60694826496778,5.5106410540691675,4.310833324003261
"American processed cheese, per lb. (453.6 gm)",2024-03-01,6.805156712916814,5.583105344158876,4.310833324003261
"Cheddar cheese, natural, per lb. (453.6 gm)",2023-03-01,5.922,5.922,5.922
"Cheddar cheese, natural, per lb. (453.6 gm)",2023-04-01,6.09966,5.947424114911654,5.832430772820869
"Cheddar cheese, natural, per lb. (453.6 gm)",2023-05-01,6.2826498,5.97295737970832,5.832430772820869
"Cheddar cheese, natural, per lb. (453.6 gm)",2023-06-01,6.471129294,5.998600262988313,5.832430772820869
"Cheddar cheese, natural, per lb. (453.6 gm)",2023-07-01,6.6652631728200005,6.024353235361716,5.832430772820869
"Cheddar cheese, natural, per lb. (453.6 gm)",2023-08-01,6.8652210680046,6.05021676945902,5.832430772820869
"Cheddar cheese, natural, per lb. (453.6 gm)",2023-09-01,7.071177700044738,6.076191339939793,5.832430772820869
"Cheddar cheese, natural, per lb. (453.6 gm)",2023-10-01,7.283313031046081,6.102277423501399,5.832430772820869
"Cheddar cheese, natural, per lb. (453.6 gm)",2023-11-01,7.501812421977464,6.128475498887736,5.832430772820869
"Cheddar cheese, natural, per lb. (453.6 gm)",2023-12-01,7.726866794636788,6.1547860468980335,5.832430772820869
"Cheddar cheese, natural, per lb. (453.6 gm)",2024-01-01,7.958672798475892,6.181209550395667,5.832430772820869
"Cheddar cheese, natural, per lb. (453.6 gm)",2024-02-01,8.197432982430168,6.207746494317024,5.832430772820869
"Cheddar cheese, natural, per lb. (453.6 gm)",2024-03-01,8.443355971903074,6.234397365680403,5.832430772820869
"Ice cream, prepackaged, bulk, regular, per 1/2 gal. (1.9 lit)",2023-03-01,5.92,5.92,5.92
"Ice cream, prepackaged, bulk, regular, per 1/2 gal. (1.9 lit)",2023-04-01,6.0976,5.999230777092767,5.643193585155619
"Ice cream, prepackaged, bulk, regular, per 1/2 gal. (1.9 lit)",2023-05-01,6.2805279999999994,6.079521945408291,5.643193585155619
"Ice cream, prepackaged, bulk, regular, per 1/2 gal. (1.9 lit)",2023-06-01,6.46894384,6.160887696774376,5.643193585155619
"Ice cream, prepackaged, bulk, regular, per 1/2 gal. (1.9 lit)",2023-07-01,6.663012155200001,6.243342412956252,5.643193585155619
"Ice cream, prepackaged, bulk, regular, per 1/2 gal. (1.9 lit)",2023-08-01,6.862902519856,6.326900668198608,5.643193585155619
"Ice cream, prepackaged, bulk, regular, per 1/2 gal. (1.9 lit)",2023-09-01,7.068789595451681,6.411577231801669,5.643193585155619
"Ice cream, prepackaged, bulk, regular, per 1/2 gal. (1.9 lit)",2023-10-01,7.280853283315231,6.497387070731725,5.643193585155619
"Ice cream, prepackaged, bulk, regular, per 1/2 gal. (1.9 lit)",2023-11-01,7.499278881814689,6.584345352266619,5.643193585155619
"Ice cream, prepackaged, bulk, regular, per 1/2 gal. (1.9 lit)",2023-12-01,7.724257248269129,6.672467446676624,5.643193585155619
"Ice cream, prepackaged, bulk, regular, per 1/2 gal. (1.9 lit)",2024-01-01,7.955984965717203,6.761768929941215,5.643193585155619
"Ice cream, prepackaged, bulk, regular, per 1/2 gal. (1.9 lit)",2024-02-01,8.19466451468872,6.852265586502188,5.643193585155619
"Ice cream, prepackaged, bulk, regular, per 1/2 gal. (1.9 lit)",2024-03-01,8.440504450129382,6.943973412053639,5.643193585155619
"Bananas, per lb. (453.6 gm)",2023-03-01,0.632,0.632,0.632
"Bananas, per lb. (453.6 gm)",2023-04-01,0.65096,0.6315716000768606,0.6346199506217362
"Bananas, per lb. (453.6 gm)",2023-05-01,0.6704888,0.6311434905437437,0.6346199506217362
"Bananas, per lb. (453.6 gm)",2023-06-01,0.6906034640000001,0.6307156712038088,0.6346199506217362
"Bananas, per lb. (453.6 gm)",2023-07-01,0.7113215679200001,0.6302881418603492,0.6346199506217362
"Bananas, per lb. (453.6 gm)",2023-08-01,0.7326612149576001,0.6298609023167913,0.6346199506217362
"Bananas, per lb. (453.6 gm)",2023-09-01,0.7546410514063281,0.6294339523766947,0.6346199506217362
"Bananas, per lb. (453.6 gm)",2023-10-01,0.777280282948518,0.6290072918437525,0.6346199506217362
"Bananas, per lb. (453.6 gm)",2023-11-01,0.8005986914369736,0.6285809205217906,0.6346199506217362
"Bananas, per lb. (453.6 gm)",2023-12-01,0.8246166521800827,0.6281548382147678,0.6346199506217362
"Bananas, per lb. (453.6 gm)",2024-01-01,0.8493551517454853,0.627729044726776,0.6346199506217362
"Bananas, per lb. (453.6 gm)",2024-02-01,0.8748358062978498,0.6273035398620398,0.6346199506217362
"Bananas, per lb. (453.6 gm)",2024-03-01,0.9010808804867854,0.6268783234249165,0.6346199506217362
"Oranges, Navel, per lb. (453.6 gm)",2023-03-01,1.509,1.509,1.509
"Oranges, Navel, per lb. (453.6 gm)",2023-04-01,1.55427,1.5130614934187845,1.548115655312054
"Oranges, Navel, per lb. (453.6 gm)",2023-05-01,1.6008980999999998,1.5171339184007175,1.548115655312054
"Oranges, Navel, per lb. (453.6 gm)",2023-06-01,1.648925043,1.5212173043682453,1.548115655312054
"Oranges, Navel, per lb. (453.6 gm)",2023-07-01,1.6983927942900001,1.5253116808230054,1.548115655312054
"Oranges, Navel, per lb. (453.6 gm)",2023-08-01,1.7493445781187,1.5294170773460394,1.548115655312054
"Oranges, Navel, per lb. (453.6 gm)",2023-09-01,1.801824915462261,1.5335335235980059,1.548115655312054
"Oranges, Navel, per lb. (453.6 gm)",2023-10-01,1.855879662926129,1.5376610493193972,1.548115655312054
"Oranges, Navel, per lb. (453.6 gm)",2023-11-01,1.911556052813913,1.5417996843307502,1.548115655312054
"Oranges, Navel, per lb. (453.6 gm)",2023-12-01,1.9689027343983305,1.5459494585328668,1.548115655312054
"Oranges, Navel, per lb. (453.6 gm)",2024-01-01,2.0279698164302804,1.550110401907025,1.548115655312054
"Oranges, Navel, per lb. (453.6 gm)",2024-02-01,2.0888089109231887,1.5542825445151993,1.548115655312054
"Oranges, Navel, per lb. (453.6 gm)",2024-03-01,2.1514731782508845,1.5584659165002759,1.548115655312054
"Lemons, per lb. (453.6 gm)",2023-03-01,2.174,2.174,2.174
"Lemons, per lb. (453.6 gm)",2023-04-01,2.23922,2.1702667507912694,2.133850989097854
"Lemons, per lb. (453.6 gm)",2023-05-01,2.3063966,2.166539912414947,2.133850989097854
"Lemons, per lb. (453.6 gm)",2023-06-01,2.375588498,2.1628194738621844,2.133850989097854
"Lemons, per lb. (453.6 gm)",2023-07-01,2.44685615294,2.1591054241430387,2.133850989097854
"Lemons, per lb. (453.6 gm)",2023-08-01,2.5202618375282,2.155397752286439,2.133850989097854
"Lemons, per lb. (453.6 gm)",2023-09-01,2.595869692654046,2.1516964473401545,2.133850989097854
"Lemons, per lb. (453.6 gm)",2023-10-01,2.6737457834336675,2.1480014983707614,2.133850989097854
"Lemons, per lb. (453.6 gm)",2023-11-01,2.753958156936678,2.1443128944636114,2.133850989097854
"Lemons, per lb. (453.6 gm)",2023-12-01,2.8365769016447784,2.1406306247227986,2.133850989097854
"Lemons, per lb. (453.6 gm)",2024-01-01,2.9216742086941214,2.136954678271129,2.133850989097854
"Lemons, per lb. (453.6 gm)",2024-02-01,3.0093244349549453,2.1332850442500852,2.133850989097854
"Lemons, per lb. (453.6 gm)",2024-03-01,3.0996041680035935,2.129621711819799,2.133850989097854
"Strawberries, dry pint, per 12 oz. (340.2 gm)",2023-03-01,2.649,2.649,2.649
"Strawberries, dry pint, per 12 oz. (340.2 gm)",2023-04-01,2.72847,2.6547395056066847,3.2023179276722904
"Strawberries, dry pint, per 12 oz. (340.2 gm)",2023-05-01,2.8103241,2.660491446820998,3.2023179276722904
"Strawberries, dry pint, per 12 oz. (340.2 gm)",2023-06-01,2.894633823,2.6662558505867837,3.2023179276722904
"Strawberries, dry pint, per 12 oz. (340.2 gm)",2023-07-01,2.9814728376900006,2.672032743906262,3.2023179276722904
"Strawberries, dry pint, per 12 oz. (340.2 gm)",2023-08-01,3.0709170228207,2.677822153840159,3.2023179276722904
"Strawberries, dry pint, per 12 oz. (340.2 gm)",2023-09-01,3.1630445335053214,2.6836241075078338,3.2023179276722904
"Strawberries, dry pint, per 12 oz. (340.2 gm)",2023-10-01,3.257935869510481,2.689438632087402,3.2023179276722904
"Strawberries, dry pint, per 12 oz. (340.2 gm)",2023-11-01,3.355673945595796,2.6952657548158654,3.2023179276722904
"Strawberries, dry pint, per 12 oz. (340.2 gm)",2023-12-01,3.45634416396367,2.70110550298924,3.2023179276722904
"Strawberries, dry pint, per 12 oz. (340.2 gm)",2024-01-01,3.5600344888825797,2.7069579039626843,3.2023179276722904
"Strawberries, dry pint, per 12 oz. (340.2 gm)",2024-02-01,3.6668355235490573,2.7128229851506247,3.2023179276722904
"Strawberries, dry pint, per 12 oz. (340.2 gm)",2024-03-01,3.776840589255529,2.718700774026885,3.2023179276722904
"Potatoes, white, per lb. (453.6 gm)",2023-03-01,0.968,0.968,0.968
"Potatoes, white, per lb. (453.6 gm)",2023-04-01,0.99704,0.9800630383398519,0.955074459111537
"Potatoes, white, per lb. (453.6 gm)",2023-05-01,1.0269511999999998,0.9922764040495268,0.955074459111537
"Potatoes, white, per lb. (453.6 gm)",2023-06-01,1.057759736,1.0046419704811174,0.955074459111537
"Potatoes, white, per lb. (453.6 gm)",2023-07-01,1.08949252808,1.0171616343320866,0.955074459111537
"Potatoes, white, per lb. (453.6 gm)",2023-08-01,1.1221773039224001,1.0298373159361922,0.955074459111537
"Potatoes, white, per lb. (453.6 gm)",2023-09-01,1.155842623040072,1.04267095955804,0.955074459111537
"Potatoes, white, per lb. (453.6 gm)",2023-10-01,1.1905179017312744,1.055664533691303,0.955074459111537
"Potatoes, white, per lb. (453.6 gm)",2023-11-01,1.2262334387832126,1.0688200313606626,0.955074459111537
"Potatoes, white, per lb. (453.6 gm)",2023-12-01,1.263020441946709,1.082139470427507,0.955074459111537
"Potatoes, white, per lb. (453.6 gm)",2024-01-01,1.3009110552051102,1.0956248938994428,0.955074459111537
"Potatoes, white, per lb. (453.6 gm)",2024-02-01,1.3399383868612635,1.109278370243663,0.955074459111537
"Potatoes, white, per lb. (453.6 gm)",2024-03-01,1.3801365384671016,1.1231019937042184,0.955074459111537
"Tomatoes, field grown, per lb. (453.6 gm)",2023-03-01,1.932,1.932,1.932
"Tomatoes, field grown, per lb. (453.6 gm)",2023-04-01,1.98996,1.9465220841339388,1.964149680865614
"Tomatoes, field grown, per lb. (453.6 gm)",2023-05-01,2.0496588,1.9611533250626982,1.964149680865614
"Tomatoes, field grown, per lb. (453.6 gm)",2023-06-01,2.111148564,1.9758945432749728,1.964149680865614
"Tomatoes, field grown, per lb. (453.6 gm)",2023-07-01,2.1744830209200003,1.9907465654267478,1.964149680865614
"Tomatoes, field grown, per lb. (453.6 gm)",2023-08-01,2.2397175115476,2.005710224387657,1.964149680865614
"Tomatoes, field grown, per lb. (453.6 gm)",2023-09-01,2.3069090368940284,2.020786359287688,1.964149680865614
"Tomatoes, field grown, per lb. (453.6 gm)",2023-10-01,2.376116308000849,2.0359758155642362,1.964149680865614
"Tomatoes, field grown, per lb. (453.6 gm)",2023-11-01,2.447399797240875,2.0512794450095204,1.964149680865614
"Tomatoes, field grown, per lb. (453.6 gm)",2023-12-01,2.520821791158101,2.066698105818344,1.964149680865614
"Tomatoes, field grown, per lb. (453.6 gm)",2024-01-01,2.596446444892844,2.082232662636225,1.964149680865614
"Tomatoes, field grown, per lb. (453.6 gm)",2024-02-01,2.6743398382396295,2.0978839866078807,1.964149680865614
"Tomatoes, field grown, per lb. (453.6 gm)",2024-03-01,2.7545700333868184,2.113652955426081,1.964149680865614
"Orange juice, frozen concentrate, 12 oz. can, per 16 oz. (473.2 ml)",2023-03-01,2.893,2.893,2.893
"Orange juice, frozen concentrate, 12 oz. can, per 16 oz. (473.2 ml)",2023-04-01,2.97979,2.905750132021642,2.8894602452810427
"Orange juice, frozen concentrate, 12 oz. can, per 16 oz. (473.2 ml)",2023-05-01,3.0691836999999995,2.918556456876526,2.8894602452810427
"Orange juice, frozen concentrate, 12 oz. can, per 16 oz. (473.2 ml)",2023-06-01,3.161259211,2.931419222219697,2.8894602452810427
"Orange juice, frozen concentrate, 12 oz. can, per 16 oz. (473.2 ml)",2023-07-01,3.2560969873300003,2.944338676797672,2.8894602452810427
"Orange juice, frozen concentrate, 12 oz. can, per 16 oz. (473.2 ml)",2023-08-01,3.3537798969499,2.957315070453253,2.8894602452810427
"Orange juice, frozen concentrate, 12 oz. can, per 16 oz. (473.2 ml)",2023-09-01,3.454393293858397,2.97034865413036,2.8894602452810427
"Orange juice, frozen concentrate, 12 oz. can, per 16 oz. (473.2 ml)",2023-10-01,3.5580250926741495,2.983439679878881,2.8894602452810427
"Orange juice, frozen concentrate, 12 oz. can, per 16 oz. (473.2 ml)",2023-11-01,3.664765845454374,2.9965884008595447,2.8894602452810427
"Orange juice, frozen concentrate, 12 oz. can, per 16 oz. (473.2 ml)",2023-12-01,3.774708820818005,3.009795071348823,2.8894602452810427
"Orange juice, frozen concentrate, 12 oz. can, per 16 oz. (473.2 ml)",2024-01-01,3.8879500854425455,3.0230599467438406,2.8894602452810427
"Orange juice, frozen concentrate, 12 oz. can, per 16 oz. (473.2 ml)",2024-02-01,4.004588588005822,3.0363832835673183,2.8894602452810427
"Orange juice, frozen concentrate, 12 oz. can, per 16 oz. (473.2 ml)",2024-03-01,4.124726245645997,3.049765339472535,2.8894602452810427
"Beans, dried, any type, all sizes, per lb. (453.6 gm)",2023-03-01,1.687,1.687,1.687
"Beans, dried, any type, all sizes, per lb. (453.6 gm)",2023-04-01,1.73761,1.6925395140347737,1.6787665471772628
"Beans, dried, any type, all sizes, per lb. (453.6 gm)",2023-05-01,1.7897383,1.6980972178832647,1.6787665471772628
"Beans, dried, any type, all sizes, per lb. (453.6 gm)",2023-06-01,1.843430449,1.703673171274417,1.6787665471772628
"Beans, dried, any type, all sizes, per lb. (453.6 gm)",2023-07-01,1.8987333624700002,1.7092674341333038,1.6787665471772628
"Beans, dried, any type, all sizes, per lb. (453.6 gm)",2023-08-01,1.9556953633441,1.71488006658177,1.6787665471772628
"Beans, dried, any type, all sizes, per lb. (453.6 gm)",2023-09-01,2.0143662242444234,1.7205111289390806,1.6787665471772628
"Beans, dried, any type, all sizes, per lb. (453.6 gm)",2023-10-01,2.0747972109717563,1.7261606817225676,1.6787665471772628
"Beans, dried, any type, all sizes, per lb. (453.6 gm)",2023-11-01,2.137041127300909,1.73182878564828,1.6787665471772628
"Beans, dried, any type, all sizes, per lb. (453.6 gm)",2023-12-01,2.201152361119936,1.7375155016316368,1.6787665471772628
"Beans, dried, any type, all sizes, per lb. (453.6 gm)",2024-01-01,2.267186931953534,1.743220890788083,1.6787665471772628
"Beans, dried, any type, all sizes, per lb. (453.6 gm)",2024-02-01,2.3352025399121406,1.7489450144337448,1.6787665471772628
"Beans, dried, any type, all sizes, per lb. (453.6 gm)",2024-03-01,2.4052586161095046,1.754687934086088,1.6787665471772628
"Sugar, white, all sizes, per lb. (453.6 gm)",2023-03-01,0.88,0.88,0.88
"Sugar, white, all sizes, per lb. (453.6 gm)",2023-04-01,0.9064,0.8940417004354945,0.8512051271360985
"Sugar, white, all sizes, per lb. (453.6 gm)",2023-05-01,0.933592,0.9083074569518074,0.8512051271360985
"Sugar, white, all sizes, per lb. (453.6 gm)",2023-06-01,0.96159976,0.9228008446948108,0.8512051271360985
"Sugar, white, all sizes, per lb. (453.6 gm)",2023-07-01,0.9904477528000001,0.9375254958571128,0.8512051271360985
"Sugar, white, all sizes, per lb. (453.6 gm)",2023-08-01,1.020161185384,0.9524851005883219,0.8512051271360985
"Sugar, white, all sizes, per lb. (453.6 gm)",2023-09-01,1.05076602094552,0.9676834079198368,0.8512051271360985
"Sugar, white, all sizes, per lb. (453.6 gm)",2023-10-01,1.0822890015738857,0.9831242267043919,0.8512051271360985
"Sugar, white, all sizes, per lb. (453.6 gm)",2023-11-01,1.1147576716211025,0.9988114265705967,0.8512051271360985
"Sugar, white, all sizes, per lb. (453.6 gm)",2023-12-01,1.1482004017697356,1.0147489388927027,0.8512051271360985
"Sugar, white, all sizes, per lb. (453.6 gm)",2024-01-01,1.1826464138228276,1.0309407577758474,0.8512051271360985
"Sugar, white, all sizes, per lb. (453.6 gm)",2024-02-01,1.2181258062375124,1.047390941057018,0.8512051271360985
"Sugar, white, all sizes, per lb. (453.6 gm)",2024-03-01,1.2546695804246377,1.0641036113219873,0.8512051271360985
"Coffee, 100%, ground roast, all sizes, per lb. (453.6 gm)",2023-03-01,6.184,6.184,6.184
"Coffee, 100%, ground roast, all sizes, per lb. (453.6 gm)",2023-04-01,6.3695200000000005,6.249535627118604,6.2688938260442155
"Coffee, 100%, ground roast, all sizes, per lb. (453.6 gm)",2023-05-01,6.5606056,6.315765775327413,6.2688938260442155
"Coffee, 100%, ground roast, all sizes, per lb. (453.6 gm)",2023-06-01,6.757423768,6.382697804890849,6.2688938260442155
"Coffee, 100%, ground roast, all sizes, per lb. (453.6 gm)",2023-07-01,6.960146481040001,6.450339154074559,6.2688938260442155
"Coffee, 100%, ground roast, all sizes, per lb. (453.6 gm)",2023-08-01,7.168950875471201,6.5186973399720305,6.2688938260442155
"Coffee, 100%, ground roast, all sizes, per lb. (453.6 gm)",2023-09-01,7.384019401735337,6.587779959339986,6.2688938260442155
"Coffee, 100%, ground roast, all sizes, per lb. (453.6 gm)",2023-10-01,7.605539983787398,6.6575946894426234,6.2688938260442155
"Coffee, 100%, ground roast, all sizes, per lb. (453.6 gm)",2023-11-01,7.83370618330102,6.7281492889048025,6.2688938260442155
"Coffee, 100%, ground roast, all sizes, per lb. (453.6 gm)",2023-12-01,8.068717368800051,6.799451598574266,6.2688938260442155
"Coffee, 100%, ground roast, all sizes, per lb. (453.6 gm)",2024-01-01,8.310778889864052,6.871509542393017,6.2688938260442155
"Coffee, 100%, ground roast, all sizes, per lb. (453.6 gm)",2024-02-01,8.560102256559974,6.944331128277912,6.2688938260442155
"Coffee, 100%, ground roast, all sizes, per lb. (453.6 gm)",2024-03-01,8.816905324256773,7.0179244490106,6.2688938260442155
"Potato chips, per 16 oz.",2023-03-01,6.526,6.526,6.526
"Potato chips, per 16 oz.",2023-04-01,6.72178,6.619247278377465,6.2182594551460015
"Potato chips, per 16 oz.",2023-05-01,6.9234333999999995,6.713826928027503,6.2182594551460015
"Potato chips, per 16 oz.",2023-06-01,7.131136402,6.809757986644711,6.2182594551460015
"Potato chips, per 16 oz.",2023-07-01,7.345070494060001,6.907059763945328,6.2182594551460015
"Potato chips, per 16 oz.",2023-08-01,7.5654226088818,7.005751845554032,6.2182594551460015
"Potato chips, per 16 oz.",2023-09-01,7.792385287148255,7.10585409694628,6.2182594551460015
"Potato chips, per 16 oz.",2023-10-01,8.026156845762703,7.207386667446985,6.2182594551460015
"Potato chips, per 16 oz.",2023-11-01,8.266941551135584,7.310369994286314,6.2182594551460015
"Potato chips, per 16 oz.",2023-12-01,8.514949797669653,7.41482480671345,6.2182594551460015
"Potato chips, per 16 oz.",2024-01-01,8.770398291599742,7.520772130169126,6.2182594551460015
"Potato chips, per 16 oz.",2024-02-01,9.033510240347734,7.628233290517788,6.2182594551460015
"Potato chips, per 16 oz.",2024-03-01,9.304515547558166,7.737229918340214,6.2182594551460015
"Malt beverages, all types, all sizes, any origin, per 16 oz. (473.2 ml)",2023-03-01,1.745,1.745,1.745
"Malt beverages, all types, all sizes, any origin, per 16 oz. (473.2 ml)",2023-04-01,1.7973500000000002,1.7570118780986719,1.6604810761454594
"Malt beverages, all types, all sizes, any origin, per 16 oz. (473.2 ml)",2023-05-01,1.8512705,1.7691064411345687,1.6604810761454594
"Malt beverages, all types, all sizes, any origin, per 16 oz. (473.2 ml)",2023-06-01,1.906808615,1.781284258277539,1.6604810761454594
"Malt beverages, all types, all sizes, any origin, per 16 oz. (473.2 ml)",2023-07-01,1.9640128734500004,1.7935459026153688,1.6604810761454594
"Malt beverages, all types, all sizes, any origin, per 16 oz. (473.2 ml)",2023-08-01,2.0229332596535,1.8058919511807487,1.6604810761454594
"Malt beverages, all types, all sizes, any origin, per 16 oz. (473.2 ml)",2023-09-01,2.0836212574431054,1.8183229849784313,1.6604810761454594
"Malt beverages, all types, all sizes, any origin, per 16 oz. (473.2 ml)",2023-10-01,2.1461298951663985,1.8308395890125708,1.6604810761454594
"Malt beverages, all types, all sizes, any origin, per 16 oz. (473.2 ml)",2023-11-01,2.210513792021391,1.8434423523142562,1.6604810761454594
"Malt beverages, all types, all sizes, any origin, per 16 oz. (473.2 ml)",2023-12-01,2.2768292057820325,1.8561318679692291,1.6604810761454594
"Malt beverages, all types, all sizes, any origin, per 16 oz. (473.2 ml)",2024-01-01,2.3451340819554933,1.8689087331457943,1.6604810761454594
"Malt beverages, all types, all sizes, any origin, per 16 oz. (473.2 ml)",2024-02-01,2.415488104414158,1.8817735491229237,1.6604810761454594
"Malt beverages, all types, all sizes, any origin, per 16 oz. (473.2 ml)",2024-03-01,2.4879527475465832,1.894726921318551,1.6604810761454594
"Wine, red and white table, all sizes, any origin, per 1 liter (33.8 oz)",2023-03-01,13.249,13.249,13.249
"Wine, red and white table, all sizes, any origin, per 1 liter (33.8 oz)",2023-04-01,13.64647,13.219332085151256,13.293245997725565
"Wine, red and white table, all sizes, any origin, per 1 liter (33.8 oz)",2023-05-01,14.0558641,13.189730604385948,13.293245997725565
"Wine, red and white table, all sizes, any origin, per 1 liter (33.8 oz)",2023-06-01,14.477540023000001,13.160195408941101,13.293245997725565
"Wine, red and white table, all sizes, any origin, per 1 liter (33.8 oz)",2023-07-01,14.911866223690003,13.130726350386848,13.293245997725565
"Wine, red and white table, all sizes, any origin, per 1 liter (33.8 oz)",2023-08-01,15.359222210400702,13.1013232806257,13.293245997725565
"Wine, red and white table, all sizes, any origin, per 1 liter (33.8 oz)",2023-09-01,15.819998876712724,13.071986051891798,13.293245997725565
"Wine, red and white table, all sizes, any origin, per 1 liter (33.8 oz)",2023-10-01,16.294598843014107,13.042714516750165,13.293245997725565
"Wine, red and white table, all sizes, any origin, per 1 liter (33.8 oz)",2023-11-01,16.78343680830453,13.013508528095969,13.293245997725565
"Wine, red and white table, all sizes, any origin, per 1 liter (33.8 oz)",2023-12-01,17.286939912553667,12.984367939153787,13.293245997725565
"Wine, red and white table, all sizes, any origin, per 1 liter (33.8 oz)",2024-01-01,17.805548109930275,12.955292603476863,13.293245997725565
"Wine, red and white table, all sizes, any origin, per 1 liter (33.8 oz)",2024-02-01,18.339714553228184,12.926282374946368,13.293245997725565
"Wine, red and white table, all sizes, any origin, per 1 liter (33.8 oz)",2024-03-01,18.88990598982503,12.897337107770676,13.293245997725565
"All uncooked ground beef, per lb. (453.6 gm)",2023-03-01,5.194,5.194,5.194
"All uncooked ground beef, per lb. (453.6 gm)",2023-04-01,5.34982,5.174742691404894,5.262289853989464
"All uncooked ground beef, per lb. (453.6 gm)",2023-05-01,5.5103146,5.155556781333918,5.262289853989464
"All uncooked ground beef, per lb. (453.6 gm)",2023-06-01,5.675624038,5.136442005069433,5.262289853989464
"All uncooked ground beef, per lb. (453.6 gm)",2023-07-01,5.845892759140001,5.117398098875269,5.262289853989464
"All uncooked ground beef, per lb. (453.6 gm)",2023-08-01,6.0212695419142,5.098424799993088,5.262289853989464
"All uncooked ground beef, per lb. (453.6 gm)",2023-09-01,6.201907628171627,5.079521846638755,5.262289853989464
"All uncooked ground beef, per lb. (453.6 gm)",2023-10-01,6.387964857016776,5.060688977998728,5.262289853989464
"All uncooked ground beef, per lb. (453.6 gm)",2023-11-01,6.579603802727279,5.041925934226458,5.262289853989464
"All uncooked ground beef, per lb. (453.6 gm)",2023-12-01,6.776991916809098,5.023232456438806,5.262289853989464
"All uncooked ground beef, per lb. (453.6 gm)",2024-01-01,6.98030167431337,5.004608286712469,5.262289853989464
"All uncooked ground beef, per lb. (453.6 gm)",2024-02-01,7.189710724542772,4.986053168080423,5.262289853989464
"All uncooked ground beef, per lb. (453.6 gm)",2024-03-01,7.405402046279055,4.967566844528378,5.262289853989464
"All Uncooked Beef Roasts, per lb. (453.6 gm)",2023-03-01,6.765,6.765,6.765
"All Uncooked Beef Roasts, per lb. (453.6 gm)",2023-04-01,6.96795,6.750862651006335,6.849733307000171
"All Uncooked Beef Roasts, per lb. (453.6 gm)",2023-05-01,7.176988499999999,6.7367548459352955,6.849733307000171
"All Uncooked Beef Roasts, per lb. (453.6 gm)",2023-06-01,7.392298155,6.72267652304664,6.849733307000171
"All Uncooked Beef Roasts, per lb. (453.6 gm)",2023-07-01,7.614067099650001,6.708627620729149,6.849733307000171
"All Uncooked Beef Roasts, per lb. (453.6 gm)",2023-08-01,7.8424891126395,6.694608077500354,6.849733307000171
"All Uncooked Beef Roasts, per lb. (453.6 gm)",2023-09-01,8.077763786018686,6.680617832006278,6.849733307000171
"All Uncooked Beef Roasts, per lb. (453.6 gm)",2023-10-01,8.320096699599247,6.666656823021151,6.849733307000171
"All Uncooked Beef Roasts, per lb. (453.6 gm)",2023-11-01,8.569699600587224,6.652724989447161,6.849733307000171
"All Uncooked Beef Roasts, per lb. (453.6 gm)",2023-12-01,8.826790588604842,6.638822270314169,6.849733307000171
"All Uncooked Beef Roasts, per lb. (453.6 gm)",2024-01-01,9.091594306262987,6.624948604779453,6.849733307000171
"All Uncooked Beef Roasts, per lb. (453.6 gm)",2024-02-01,9.364342135450876,6.611103932127441,6.849733307000171
"All Uncooked Beef Roasts, per lb. (453.6 gm)",2024-03-01,9.645272399514402,6.597288191769439,6.849733307000171
"All Uncooked Beef Steaks, per lb. (453.6 gm)",2023-03-01,9.81,9.81,9.81
"All Uncooked Beef Steaks, per lb. (453.6 gm)",2023-04-01,10.1043,9.820727249429504,9.72226145341444
"All Uncooked Beef Steaks, per lb. (453.6 gm)",2023-05-01,10.407429,9.83146622912204,9.72226145341444
"All Uncooked Beef Steaks, per lb. (453.6 gm)",2023-06-01,10.71965187,9.842216951904662,9.72226145341444
"All Uncooked Beef Steaks, per lb. (453.6 gm)",2023-07-01,11.041241426100003,9.852979430618461,9.72226145341444
"All Uncooked Beef Steaks, per lb. (453.6 gm)",2023-08-01,11.372478668883002,9.863753678118567,9.72226145341444
"All Uncooked Beef Steaks, per lb. (453.6 gm)",2023-09-01,11.713653028949492,9.87453970727416,9.72226145341444
"All Uncooked Beef Steaks, per lb. (453.6 gm)",2023-10-01,12.065062619817978,9.885337530968501,9.72226145341444
"All Uncooked Beef Steaks, per lb. (453.6 gm)",2023-11-01,12.427014498412518,9.89614716209893,9.72226145341444
"All Uncooked Beef Steaks, per lb. (453.6 gm)",2023-12-01,12.799824933364894,9.906968613576906,9.72226145341444
"All Uncooked Beef Steaks, per lb. (453.6 gm)",2024-01-01,13.18381968136584,9.917801898327987,9.72226145341444
"All Uncooked Beef Steaks, per lb. (453.6 gm)",2024-02-01,13.579334271806815,9.928647029291879,9.72226145341444
"All Uncooked Beef Steaks, per lb. (453.6 gm)",2024-03-01,13.986714299961019,9.939504019422431,9.72226145341444
"All Uncooked Other Beef (Excluding Veal), per lb. (453.6 gm)",2023-03-01,6.477,6.477,6.477
"All Uncooked Other Beef (Excluding Veal), per lb. (453.6 gm)",2023-04-01,6.67131,6.442783511817349,6.688382050963054
"All Uncooked Other Beef (Excluding Veal), per lb. (453.6 gm)",2023-05-01,6.8714493,6.408747781402732,6.688382050963054
"All Uncooked Other Beef (Excluding Veal), per lb. (453.6 gm)",2023-06-01,7.077592779000001,6.374891853854799,6.688382050963054
"All Uncooked Other Beef (Excluding Veal), per lb. (453.6 gm)",2023-07-01,7.289920562370002,6.341214779316726,6.688382050963054
"All Uncooked Other Beef (Excluding Veal), per lb. (453.6 gm)",2023-08-01,7.5086181792411,6.307715612949558,6.688382050963054
"All Uncooked Other Beef (Excluding Veal), per lb. (453.6 gm)",2023-09-01,7.733876724618335,6.274393414905709,6.688382050963054
"All Uncooked Other Beef (Excluding Veal), per lb. (453.6 gm)",2023-10-01,7.965893026356885,6.241247250302586,6.688382050963054
"All Uncooked Other Beef (Excluding Veal), per lb. (453.6 gm)",2023-11-01,8.204869817147591,6.208276189196367,6.688382050963054
"All Uncooked Other Beef (Excluding Veal), per lb. (453.6 gm)",2023-12-01,8.45101591166202,6.175479306555904,6.688382050963054
"All Uncooked Other Beef (Excluding Veal), per lb. (453.6 gm)",2024-01-01,8.70454638901188,6.142855682236779,6.688382050963054
"All Uncooked Other Beef (Excluding Veal), per lb. (453.6 gm)",2024-02-01,8.965682780682236,6.1104044009554785,6.688382050963054
"All Uncooked Other Beef (Excluding Veal), per lb. (453.6 gm)",2024-03-01,9.234653264102704,6.078124552263721,6.688382050963054
"All Ham (Excluding Canned Ham and Luncheon Slices), per lb. (453.6 gm)",2023-03-01,4.34,4.34,4.34
"All Ham (Excluding Canned Ham and Luncheon Slices), per lb. (453.6 gm)",2023-04-01,4.4702,4.382273147864075,4.217666457493435
"All Ham (Excluding Canned Ham and Luncheon Slices), per lb. (453.6 gm)",2023-05-01,4.604305999999999,4.424958051265095,4.217666457493435
"All Ham (Excluding Canned Ham and Luncheon Slices), per lb. (453.6 gm)",2023-06-01,4.74243518,4.468058720848841,4.217666457493435
"All Ham (Excluding Canned Ham and Luncheon Slices), per lb. (453.6 gm)",2023-07-01,4.884708235400001,4.511579206326218,4.217666457493435
"All Ham (Excluding Canned Ham and Luncheon Slices), per lb. (453.6 gm)",2023-08-01,5.031249482462,4.555523596853757,4.217666457493435
"All Ham (Excluding Canned Ham and Luncheon Slices), per lb. (453.6 gm)",2023-09-01,5.18218696693586,4.599896021417831,4.217666457493435
"All Ham (Excluding Canned Ham and Luncheon Slices), per lb. (453.6 gm)",2023-10-01,5.337652575943936,4.644700649222616,4.217666457493435
"All Ham (Excluding Canned Ham and Luncheon Slices), per lb. (453.6 gm)",2023-11-01,5.497782153222255,4.689941690081822,4.217666457493435
"All Ham (Excluding Canned Ham and Luncheon Slices), per lb. (453.6 gm)",2023-12-01,5.662715617818923,4.735623394814246,4.217666457493435
"All Ham (Excluding Canned Ham and Luncheon Slices), per lb. (453.6 gm)",2024-01-01,5.83259708635349,4.781750055643176,4.217666457493435
"All Ham (Excluding Canned Ham and Luncheon Slices), per lb. (453.6 gm)",2024-02-01,6.007574998944095,4.828326006599687,4.217666457493435
"All Ham (Excluding Canned Ham and Luncheon Slices), per lb. (453.6 gm)",2024-03-01,6.187802248912418,4.875355623929859,4.217666457493435
"All Pork Chops, per lb. (453.6 gm)",2023-03-01,4.165,4.165,4.165
"All Pork Chops, per lb. (453.6 gm)",2023-04-01,4.28995,4.1651127833979675,4.17629435078623
"All Pork Chops, per lb. (453.6 gm)",2023-05-01,4.4186485,4.16522556984998,4.17629435078623
"All Pork Chops, per lb. (453.6 gm)",2023-06-01,4.551207955,4.165338359356119,4.17629435078623
"All Pork Chops, per lb. (453.6 gm)",2023-07-01,4.68774419365,4.165451151916468,4.17629435078623
"All Pork Chops, per lb. (453.6 gm)",2023-08-01,4.828376519459501,4.16556394753111,4.17629435078623
"All Pork Chops, per lb. (453.6 gm)",2023-09-01,4.973227815043286,4.165676746200127,4.17629435078623
"All Pork Chops, per lb. (453.6 gm)",2023-10-01,5.122424649494585,4.165789547923602,4.17629435078623
"All Pork Chops, per lb. (453.6 gm)",2023-11-01,5.276097388979422,4.165902352701617,4.17629435078623
"All Pork Chops, per lb. (453.6 gm)",2023-12-01,5.434380310648805,4.166015160534256,4.17629435078623
"All Pork Chops, per lb. (453.6 gm)",2024-01-01,5.597411719968269,4.1661279714216,4.17629435078623
"All Pork Chops, per lb. (453.6 gm)",2024-02-01,5.765334071567318,4.166240785363733,4.17629435078623
"All Pork Chops, per lb. (453.6 gm)",2024-03-01,5.938294093714337,4.166353602360739,4.17629435078623
"All Other Pork (Excluding Canned Ham and Luncheon Slices), per lb. (453.6 gm)",2023-03-01,3.525,3.525,3.525
"All Other Pork (Excluding Canned Ham and Luncheon Slices), per lb. (453.6 gm)",2023-04-01,3.63075,3.52058389662296,3.594229550491646
"All Other Pork (Excluding Canned Ham and Luncheon Slices), per lb. (453.6 gm)",2023-05-01,3.7396724999999997,3.516173325719406,3.594229550491646
"All Other Pork (Excluding Canned Ham and Luncheon Slices), per lb. (453.6 gm)",2023-06-01,3.851862675,3.511768280358281,3.594229550491646
"All Other Pork (Excluding Canned Ham and Luncheon Slices), per lb. (453.6 gm)",2023-07-01,3.9674185552500005,3.5073687536172113,3.594229550491646
"All Other Pork (Excluding Canned Ham and Luncheon Slices), per lb. (453.6 gm)",2023-08-01,4.0864411119075,3.5029747385824956,3.594229550491646
"All Other Pork (Excluding Canned Ham and Luncheon Slices), per lb. (453.6 gm)",2023-09-01,4.209034345264725,3.4985862283490943,3.594229550491646
"All Other Pork (Excluding Canned Ham and Luncheon Slices), per lb. (453.6 gm)",2023-10-01,4.335305375622667,3.4942032160206185,3.594229550491646
"All Other Pork (Excluding Canned Ham and Luncheon Slices), per lb. (453.6 gm)",2023-11-01,4.4653645368913475,3.4898256947093187,3.594229550491646
"All Other Pork (Excluding Canned Ham and Luncheon Slices), per lb. (453.6 gm)",2023-12-01,4.599325472998088,3.4854536575360746,3.594229550491646
"All Other Pork (Excluding Canned Ham and Luncheon Slices), per lb. (453.6 gm)",2024-01-01,4.737305237188031,3.4810870976303834,3.594229550491646
"All Other Pork (Excluding Canned Ham and Luncheon Slices), per lb. (453.6 gm)",2024-02-01,4.879424394303672,3.4767260081303513,3.594229550491646
"All Other Pork (Excluding Canned Ham and Luncheon Slices), per lb. (453.6 gm)",2024-03-01,5.025807126132782,3.472370382182678,3.594229550491646
"Chicken breast, boneless, per lb. (453.6 gm)",2023-03-01,4.324,4.324,4.324
"Chicken breast, boneless, per lb. (453.6 gm)",2023-04-01,4.45372,4.347349293910933,4.357651796275947
"Chicken breast, boneless, per lb. (453.6 gm)",2023-05-01,4.5873316,4.370824672356127,4.357651796275947
"Chicken breast, boneless, per lb. (453.6 gm)",2023-06-01,4.724951548,4.39442681618314,4.357651796275947
"Chicken breast, boneless, per lb. (453.6 gm)",2023-07-01,4.8667000944400005,4.41815640991606,4.357651796275947
"Chicken breast, boneless, per lb. (453.6 gm)",2023-08-01,5.0127010972732,4.442014141775358,4.357651796275947
"Chicken breast, boneless, per lb. (453.6 gm)",2023-09-01,5.1630821301913965,4.466000703697846,4.357651796275947
"Chicken breast, boneless, per lb. (453.6 gm)",2023-10-01,5.317974594097139,4.490116791356745,4.357651796275947
"Chicken breast, boneless, per lb. (453.6 gm)",2023-11-01,5.477513831920053,4.514363104181862,4.357651796275947
"Chicken breast, boneless, per lb. (453.6 gm)",2023-12-01,5.641839246877654,4.5387403453798765,4.357651796275947
"Chicken breast, boneless, per lb. (453.6 gm)",2024-01-01,5.811094424283985,4.5632492219547345,4.357651796275947
"Chicken breast, boneless, per lb. (453.6 gm)",2024-02-01,5.985427257012504,4.587890444728153,4.357651796275947
"Chicken breast, boneless, per lb. (453.6 gm)",2024-03-01,6.164990074722879,4.612664728360235,4.357651796275947
"Milk, fresh, low-fat, reduced fat, skim, per gal. (3.8 lit)",2023-03-01,3.748,3.748,3.748
"Milk, fresh, low-fat, reduced fat, skim, per gal. (3.8 lit)",2023-04-01,3.8604400000000005,3.7544853686382713,3.806286216681312
"Milk, fresh, low-fat, reduced fat, skim, per gal. (3.8 lit)",2023-05-01,3.9762532,3.7609819592633027,3.806286216681312
"Milk, fresh, low-fat, reduced fat, skim, per gal. (3.8 lit)",2023-06-01,4.095540796,3.767489791293108,3.806286216681312
"Milk, fresh, low-fat, reduced fat, skim, per gal. (3.8 lit)",2023-07-01,4.218407019880001,3.7740088841793025,3.806286216681312
"Milk, fresh, low-fat, reduced fat, skim, per gal. (3.8 lit)",2023-08-01,4.344959230476401,3.7805392574071606,3.806286216681312
"Milk, fresh, low-fat, reduced fat, skim, per gal. (3.8 lit)",2023-09-01,4.475308007390693,3.7870809304956734,3.806286216681312
"Milk, fresh, low-fat, reduced fat, skim, per gal. (3.8 lit)",2023-10-01,4.609567247612413,3.7936339229976026,3.806286216681312
"Milk, fresh, low-fat, reduced fat, skim, per gal. (3.8 lit)",2023-11-01,4.747854265040787,3.800198254499547,3.806286216681312
"Milk, fresh, low-fat, reduced fat, skim, per gal. (3.8 lit)",2023-12-01,4.89028989299201,3.8067739446219986,3.806286216681312
"Milk, fresh, low-fat, reduced fat, skim, per gal. (3.8 lit)",2024-01-01,5.036998589781771,3.813361013019394,3.806286216681312
"Milk, fresh, low-fat, reduced fat, skim, per gal. (3.8 lit)",2024-02-01,5.188108547475224,3.8199594793801843,3.806286216681312
"Milk, fresh, low-fat, reduced fat, skim, per gal. (3.8 lit)",2024-03-01,5.3437518038994805,3.8265693634268865,3.806286216681312
"Yogurt, per 8 oz. (226.8 gm)",2023-03-01,1.526,1.526,1.526
"Yogurt, per 8 oz. (226.8 gm)",2023-04-01,1.57178,1.5436301351275112,1.5012202809523798
"Yogurt, per 8 oz. (226.8 gm)",2023-05-01,1.6189334,1.5614639541767878,1.5012202809523798
"Yogurt, per 8 oz. (226.8 gm)",2023-06-01,1.667501402,1.5795038103424985,1.5012202809523798
"Yogurt, per 8 oz. (226.8 gm)",2023-07-01,1.7175264440600002,1.5977520840061663,1.5012202809523798
"Yogurt, per 8 oz. (226.8 gm)",2023-08-01,1.7690522373818,1.6162111830502626,1.5012202809523798
"Yogurt, per 8 oz. (226.8 gm)",2023-09-01,1.8221238045032542,1.6348835431759317,1.5012202809523798
"Yogurt, per 8 oz. (226.8 gm)",2023-10-01,1.876787518638352,1.6537716282243824,1.5012202809523798
"Yogurt, per 8 oz. (226.8 gm)",2023-11-01,1.9330911441975027,1.672877930501997,1.5012202809523798
"Yogurt, per 8 oz. (226.8 gm)",2023-12-01,1.9910838785234277,1.692204971109193,1.5012202809523798
"Yogurt, per 8 oz. (226.8 gm)",2024-01-01,2.0508163948791305,1.7117553002730865,1.5012202809523798
"Yogurt, per 8 oz. (226.8 gm)",2024-02-01,2.1123408867255047,1.731531497683996,1.5012202809523798
"Yogurt, per 8 oz. (226.8 gm)",2024-03-01,2.1757111133272695,1.7515361728358378,1.5012202809523798
"Lettuce, romaine, per lb. (453.6 gm)",2023-03-01,2.805,2.805,2.805
"Lettuce, romaine, per lb. (453.6 gm)",2023-04-01,2.8891500000000003,2.7787406509663075,2.892928371356423
"Lettuce, romaine, per lb. (453.6 gm)",2023-05-01,2.9758245,2.7527271320259032,2.892928371356423
"Lettuce, romaine, per lb. (453.6 gm)",2023-06-01,3.0650992350000004,2.7269571418104364,2.892928371356423
"Lettuce, romaine, per lb. (453.6 gm)",2023-07-01,3.1570522120500004,2.7014284004960976,2.892928371356423
"Lettuce, romaine, per lb. (453.6 gm)",2023-08-01,3.2517637784115005,2.6761386496019237,2.892928371356423
"Lettuce, romaine, per lb. (453.6 gm)",2023-09-01,3.3493166917638457,2.6510856517899977,2.892928371356423
"Lettuce, romaine, per lb. (453.6 gm)",2023-10-01,3.4497961925167613,2.6262671906675132,2.892928371356423
"Lettuce, romaine, per lb. (453.6 gm)",2023-11-01,3.5532900782922643,2.601681070590696,2.892928371356423
"Lettuce, romaine, per lb. (453.6 gm)",2023-12-01,3.6598887806410323,2.577325116470556,2.892928371356423
"Lettuce, romaine, per lb. (453.6 gm)",2024-01-01,3.769685444060263,2.553197173580466,2.892928371356423
"Lettuce, romaine, per lb. (453.6 gm)",2024-02-01,3.882776007382071,2.529295107365533,2.892928371356423
"Lettuce, romaine, per lb. (453.6 gm)",2024-03-01,3.9992592876035333,2.5056168032537602,2.892928371356423
"All soft drinks, per 2 liters (67.6 oz)",2023-03-01,2.345,2.345,2.345
"All soft drinks, per 2 liters (67.6 oz)",2023-04-01,2.41535,2.400676702992906,2.299667609523817
"All soft drinks, per 2 liters (67.6 oz)",2023-05-01,2.4878105,2.4576753229393984,2.299667609523817
"All soft drinks, per 2 liters (67.6 oz)",2023-06-01,2.562444815,2.5160272457574324,2.299667609523817
"All soft drinks, per 2 liters (67.6 oz)",2023-07-01,2.6393181594500006,2.575764602552356,2.299667609523817
"All soft drinks, per 2 liters (67.6 oz)",2023-08-01,2.7184977042335006,2.6369202873096893,2.299667609523817
"All soft drinks, per 2 liters (67.6 oz)",2023-09-01,2.8000526353605055,2.699527975007988,2.299667609523817
"All soft drinks, per 2 liters (67.6 oz)",2023-10-01,2.884054214421321,2.7636221401617447,2.299667609523817
"All soft drinks, per 2 liters (67.6 oz)",2023-11-01,2.970575840853961,2.8292380758045605,2.299667609523817
"All soft drinks, per 2 liters (67.6 oz)",2023-12-01,3.0596931160795795,2.8964119129230217,2.299667609523817
"All soft drinks, per 2 liters (67.6 oz)",2024-01-01,3.151483909561967,2.9651806403519894,2.299667609523817
"All soft drinks, per 2 liters (67.6 oz)",2024-02-01,3.246028426848826,3.035582125142263,2.299667609523817
"All soft drinks, per 2 liters (67.6 oz)",2024-03-01,3.3434092796542907,3.1076551334118236,2.299667609523817
"All soft drinks, 12 pk, 12 oz., cans, per 12 oz. (354.9 ml)",2023-03-01,0.559,0.559,0.559
"All soft drinks, 12 pk, 12 oz., cans, per 12 oz. (354.9 ml)",2023-04-01,0.5757700000000001,0.5672972198926097,0.5457451713564213
"All soft drinks, 12 pk, 12 oz., cans, per 12 oz. (354.9 ml)",2023-05-01,0.5930431,0.5757175951661611,0.5457451713564213
"All soft drinks, 12 pk, 12 oz., cans, per 12 oz. (354.9 ml)",2023-06-01,0.6108343930000001,0.5842629538122042,0.5457451713564213
"All soft drinks, 12 pk, 12 oz., cans, per 12 oz. (354.9 ml)",2023-07-01,0.6291594247900001,0.5929351509551121,0.5457451713564213
"All soft drinks, 12 pk, 12 oz., cans, per 12 oz. (354.9 ml)",2023-08-01,0.6480342075337001,0.6017360692548122,0.5457451713564213
"All soft drinks, 12 pk, 12 oz., cans, per 12 oz. (354.9 ml)",2023-09-01,0.6674752337597112,0.6106676193154952,0.5457451713564213
"All soft drinks, 12 pk, 12 oz., cans, per 12 oz. (354.9 ml)",2023-10-01,0.6874994907725025,0.6197317401003917,0.5457451713564213
"All soft drinks, 12 pk, 12 oz., cans, per 12 oz. (354.9 ml)",2023-11-01,0.7081244754956776,0.6289303993527041,0.5457451713564213
"All soft drinks, 12 pk, 12 oz., cans, per 12 oz. (354.9 ml)",2023-12-01,0.729368209760548,0.6382655940227868,0.5457451713564213
"All soft drinks, 12 pk, 12 oz., cans, per 12 oz. (354.9 ml)",2024-01-01,0.7512492560533643,0.6477393507016673,0.5457451713564213
"All soft drinks, 12 pk, 12 oz., cans, per 12 oz. (354.9 ml)",2024-02-01,0.7737867337349653,0.6573537260610018,0.5457451713564213
"All soft drinks, 12 pk, 12 oz., cans, per 12 oz. (354.9 ml)",2024-03-01,0.7970003357470143,0.6671108072995608,0.5457451713564213
"Butter, stick, per lb. (453.6 gm)",2023-03-01,4.663,4.663,4.663
"Butter, stick, per lb. (453.6 gm)",2023-04-01,4.8028900000000005,4.714537914801532,4.760399534920642
"Butter, stick, per lb. (453.6 gm)",2023-05-01,4.9469767000000004,4.766645453592361,4.760399534920642
"Butter, stick, per lb. (453.6 gm)",2023-06-01,5.0953860010000005,4.8193289121547345,4.760399534920642
"Butter, stick, per lb. (453.6 gm)",2023-07-01,5.248247581030001,4.872594655855184,4.760399534920642
"Butter, stick, per lb. (453.6 gm)",2023-08-01,5.405695008460901,4.926449120413594,4.760399534920642
"Butter, stick, per lb. (453.6 gm)",2023-09-01,5.567865858714728,4.980898812680794,4.760399534920642
"Butter, stick, per lb. (453.6 gm)",2023-10-01,5.73490183447617,5.035950311424735,4.760399534920642
"Butter, stick, per lb. (453.6 gm)",2023-11-01,5.906948889510455,5.091610268125347,4.760399534920642
"Butter, stick, per lb. (453.6 gm)",2023-12-01,6.084157356195769,5.147885407778199,4.760399534920642
"Butter, stick, per lb. (453.6 gm)",2024-01-01,6.266682076881643,5.2047825297070265,4.760399534920642
"Butter, stick, per lb. (453.6 gm)",2024-02-01,6.4546825391880915,5.262308508385248,4.760399534920642
"Butter, stick, per lb. (453.6 gm)",2024-03-01,6.648323015363735,5.3204702942665545,4.760399534920642
